{"coef": [[-0.0003995835231339061, 0.0016957009299986459, -0.0008283471803203677, 0.002524048110318491, 0.0008673537496778848, 0.011493603389450982, 0.0009557807151707773, -0.010417037689291123, 0.0009655984472579775]], "intercept": [-0.9962265699471748], "classes": [0, 1]}